﻿<?xml version="1.0" encoding="utf-8"?>
<PermissionSets>
  <PermissionSet RoleID="WHI EXTENSION" RoleName="WHI Extension">
    <Permission>
      <ObjectID>50800</ObjectID>
      <ObjectType>0</ObjectType>
      <ReadPermission>1</ReadPermission>
      <InsertPermission>1</InsertPermission>
      <ModifyPermission>1</ModifyPermission>
      <DeletePermission>1</DeletePermission>
      <ExecutePermission>0</ExecutePermission>
      <SecurityFilter />
    </Permission>
    <Permission>
      <ObjectID>50800</ObjectID>
      <ObjectType>1</ObjectType>
      <ReadPermission>0</ReadPermission>
      <InsertPermission>0</InsertPermission>
      <ModifyPermission>0</ModifyPermission>
      <DeletePermission>0</DeletePermission>
      <ExecutePermission>1</ExecutePermission>
      <SecurityFilter />
    </Permission>
    <Permission>
      <ObjectID>50799</ObjectID>
      <ObjectType>0</ObjectType>
      <ReadPermission>1</ReadPermission>
      <InsertPermission>1</InsertPermission>
      <ModifyPermission>1</ModifyPermission>
      <DeletePermission>1</DeletePermission>
      <ExecutePermission>0</ExecutePermission>
      <SecurityFilter />
    </Permission>
    <Permission>
      <ObjectID>50799</ObjectID>
      <ObjectType>1</ObjectType>
      <ReadPermission>0</ReadPermission>
      <InsertPermission>0</InsertPermission>
      <ModifyPermission>0</ModifyPermission>
      <DeletePermission>0</DeletePermission>
      <ExecutePermission>1</ExecutePermission>
      <SecurityFilter />
    </Permission>
    <Permission>
      <ObjectID>50800</ObjectID>
      <ObjectType>5</ObjectType>
      <ReadPermission>0</ReadPermission>
      <InsertPermission>0</InsertPermission>
      <ModifyPermission>0</ModifyPermission>
      <DeletePermission>0</DeletePermission>
      <ExecutePermission>1</ExecutePermission>
      <SecurityFilter />
    </Permission>
    <Permission>
      <ObjectID>50800</ObjectID>
      <ObjectType>3</ObjectType>
      <ReadPermission>0</ReadPermission>
      <InsertPermission>0</InsertPermission>
      <ModifyPermission>0</ModifyPermission>
      <DeletePermission>0</DeletePermission>
      <ExecutePermission>1</ExecutePermission>
      <SecurityFilter />
    </Permission>
  </PermissionSet>
</PermissionSets>